/Volume1/AI4CODE/CodeNet/data/p02566/Python/s476955075.py,1798
/Volume1/AI4CODE/CodeNet/data/p02566/Python/s091908361.py,0.6964461994076999,2026
/Volume1/AI4CODE/CodeNet/data/p02566/Python/s346818851.py,0.7539900935608146,1817
/Volume1/AI4CODE/CodeNet/data/p02566/Python/s732969965.py,0.07619577308120129,153
/Volume1/AI4CODE/CodeNet/data/p02566/Python/s374160629.py,0.2853170189098999,595
/Volume1/AI4CODE/CodeNet/data/p02566/Python/s240397110.py,0.49666295884315903,1391
/Volume1/AI4CODE/CodeNet/data/p02566/Python/s378722439.py,0.49666295884315903,1391
/Volume1/AI4CODE/CodeNet/data/p02566/Python/s783393674.py,0.6318131256952169,1781
/Volume1/AI4CODE/CodeNet/data/p02566/Python/s894836546.py,0.2647385984427141,580
/Volume1/AI4CODE/CodeNet/data/p02566/Python/s657840635.py,0.5935251798561151,1946
/Volume1/AI4CODE/CodeNet/data/p02566/Python/s722233151.py,0.5935251798561151,1946
/Volume1/AI4CODE/CodeNet/data/p02566/Python/s947792663.py,0.5932028836251287,1942
/Volume1/AI4CODE/CodeNet/data/p02566/Python/s023832340.py,0.5906282183316169,1942
/Volume1/AI4CODE/CodeNet/data/p02566/Python/s092629333.py,0.5906282183316169,1942
/Volume1/AI4CODE/CodeNet/data/p02566/Python/s849956034.py,0.5953125,1920
/Volume1/AI4CODE/CodeNet/data/p02566/Python/s331488163.py,0.591983556012333,1946
/Volume1/AI4CODE/CodeNet/data/p02566/Python/s278638295.py,0.46440489432703,1343
/Volume1/AI4CODE/CodeNet/data/p02566/Python/s109123735.py,0.4616240266963293,1333
/Volume1/AI4CODE/CodeNet/data/p02566/Python/s304350772.py,0.4616240266963293,1333
/Volume1/AI4CODE/CodeNet/data/p02566/Python/s957359186.py,0.27030033370411566,526
/Volume1/AI4CODE/CodeNet/data/p02566/Python/s294674130.py,0.07953281423804226,153
/Volume1/AI4CODE/CodeNet/data/p02566/Python/s844025653.py,0.07953281423804226,153
/Volume1/AI4CODE/CodeNet/data/p02566/Python/s393061815.py,0.5951351351351352,1850
/Volume1/AI4CODE/CodeNet/data/p02566/Python/s179611483.py,0.5951351351351352,1850
/Volume1/AI4CODE/CodeNet/data/p02566/Python/s446857323.py,0.5955842757135164,1857
/Volume1/AI4CODE/CodeNet/data/p02566/Python/s513642736.py,0.017241379310344862,33
/Volume1/AI4CODE/CodeNet/data/p02566/Python/s551151879.py,0.02280311457174633,44
/Volume1/AI4CODE/CodeNet/data/p02566/Python/s662857607.py,0.11136008691518984,14727
/Volume1/AI4CODE/CodeNet/data/p02566/Python/s222762834.py,0.047274749721913256,91
/Volume1/AI4CODE/CodeNet/data/p02566/Python/s767909998.py,0.5400444938820912,1429
/Volume1/AI4CODE/CodeNet/data/p02566/Python/s791562978.py,0.5394883203559511,1423
/Volume1/AI4CODE/CodeNet/data/p02566/Python/s871488728.py,0.5876520955385309,2219
/Volume1/AI4CODE/CodeNet/data/p02566/Python/s507761241.py,0.6697819314641744,1926
/Volume1/AI4CODE/CodeNet/data/p02566/Python/s555319235.py,0.4599555061179088,1163
/Volume1/AI4CODE/CodeNet/data/p02566/Python/s385017652.py,0.46273637374860954,1108
/Volume1/AI4CODE/CodeNet/data/p02566/Python/s732689903.py,0.5027808676307008,1486
/Volume1/AI4CODE/CodeNet/data/p02566/Python/s516172007.py,0.5027808676307008,1486

/Volume1/AI4CODE/CodeNet/data/p02566/Python/s091908361.py,2026
/Volume1/AI4CODE/CodeNet/data/p02566/Python/s346818851.py,0.8938795656465943,1817
/Volume1/AI4CODE/CodeNet/data/p02566/Python/s732969965.py,0.07305034550839096,153
/Volume1/AI4CODE/CodeNet/data/p02566/Python/s374160629.py,0.26011846001974337,595
/Volume1/AI4CODE/CodeNet/data/p02566/Python/s240397110.py,0.4659427443237907,1391
/Volume1/AI4CODE/CodeNet/data/p02566/Python/s378722439.py,0.4659427443237907,1391
/Volume1/AI4CODE/CodeNet/data/p02566/Python/s783393674.py,0.6080947680157947,1781
/Volume1/AI4CODE/CodeNet/data/p02566/Python/s894836546.py,0.2453109575518263,580
/Volume1/AI4CODE/CodeNet/data/p02566/Python/s657840635.py,0.6702862783810464,1946
/Volume1/AI4CODE/CodeNet/data/p02566/Python/s722233151.py,0.6702862783810464,1946
/Volume1/AI4CODE/CodeNet/data/p02566/Python/s947792663.py,0.6712734452122409,1942
/Volume1/AI4CODE/CodeNet/data/p02566/Python/s023832340.py,0.6688055281342546,1942
/Volume1/AI4CODE/CodeNet/data/p02566/Python/s092629333.py,0.6688055281342546,1942
/Volume1/AI4CODE/CodeNet/data/p02566/Python/s849956034.py,0.6727541954590326,1920
/Volume1/AI4CODE/CodeNet/data/p02566/Python/s331488163.py,0.6767028627838105,1946
/Volume1/AI4CODE/CodeNet/data/p02566/Python/s278638295.py,0.4383020730503455,1343
/Volume1/AI4CODE/CodeNet/data/p02566/Python/s109123735.py,0.441263573543929,1333
/Volume1/AI4CODE/CodeNet/data/p02566/Python/s304350772.py,0.441263573543929,1333
/Volume1/AI4CODE/CodeNet/data/p02566/Python/s957359186.py,0.23988153998025663,526
/Volume1/AI4CODE/CodeNet/data/p02566/Python/s294674130.py,0.07156959526159923,153
/Volume1/AI4CODE/CodeNet/data/p02566/Python/s844025653.py,0.07156959526159923,153
/Volume1/AI4CODE/CodeNet/data/p02566/Python/s393061815.py,0.6771964461994078,1850
/Volume1/AI4CODE/CodeNet/data/p02566/Python/s179611483.py,0.6771964461994078,1850
/Volume1/AI4CODE/CodeNet/data/p02566/Python/s446857323.py,0.6791707798617966,1857
/Volume1/AI4CODE/CodeNet/data/p02566/Python/s513642736.py,0.01530108588351431,33
/Volume1/AI4CODE/CodeNet/data/p02566/Python/s551151879.py,0.02073050345508387,44
/Volume1/AI4CODE/CodeNet/data/p02566/Python/s662857607.py,0.12487268282745978,14727
/Volume1/AI4CODE/CodeNet/data/p02566/Python/s222762834.py,0.041954590325765095,91
/Volume1/AI4CODE/CodeNet/data/p02566/Python/s767909998.py,0.5286278381046396,1429
/Volume1/AI4CODE/CodeNet/data/p02566/Python/s791562978.py,0.5266535044422507,1423
/Volume1/AI4CODE/CodeNet/data/p02566/Python/s871488728.py,0.6764308246958088,2219
/Volume1/AI4CODE/CodeNet/data/p02566/Python/s507761241.py,0.7625863770977295,1926
/Volume1/AI4CODE/CodeNet/data/p02566/Python/s555319235.py,0.4437314906219151,1163
/Volume1/AI4CODE/CodeNet/data/p02566/Python/s385017652.py,0.418558736426456,1108
/Volume1/AI4CODE/CodeNet/data/p02566/Python/s732689903.py,0.48667324777887466,1486
/Volume1/AI4CODE/CodeNet/data/p02566/Python/s516172007.py,0.48667324777887466,1486

/Volume1/AI4CODE/CodeNet/data/p02566/Python/s346818851.py,1817
/Volume1/AI4CODE/CodeNet/data/p02566/Python/s732969965.py,0.07925151348376447,153
/Volume1/AI4CODE/CodeNet/data/p02566/Python/s374160629.py,0.2806824435883324,595
/Volume1/AI4CODE/CodeNet/data/p02566/Python/s240397110.py,0.49312052834342324,1391
/Volume1/AI4CODE/CodeNet/data/p02566/Python/s378722439.py,0.49312052834342324,1391
/Volume1/AI4CODE/CodeNet/data/p02566/Python/s783393674.py,0.6637314254265272,1781
/Volume1/AI4CODE/CodeNet/data/p02566/Python/s894836546.py,0.26197028068244355,580
/Volume1/AI4CODE/CodeNet/data/p02566/Python/s657840635.py,0.6063720452209661,1946
/Volume1/AI4CODE/CodeNet/data/p02566/Python/s722233151.py,0.6063720452209661,1946
/Volume1/AI4CODE/CodeNet/data/p02566/Python/s947792663.py,0.6029866117404737,1942
/Volume1/AI4CODE/CodeNet/data/p02566/Python/s023832340.py,0.6004119464469619,1942
/Volume1/AI4CODE/CodeNet/data/p02566/Python/s092629333.py,0.6004119464469619,1942
/Volume1/AI4CODE/CodeNet/data/p02566/Python/s849956034.py,0.6,1920
/Volume1/AI4CODE/CodeNet/data/p02566/Python/s331488163.py,0.6017471736896197,1946
/Volume1/AI4CODE/CodeNet/data/p02566/Python/s278638295.py,0.45789763346175016,1343
/Volume1/AI4CODE/CodeNet/data/p02566/Python/s109123735.py,0.45899834892680247,1333
/Volume1/AI4CODE/CodeNet/data/p02566/Python/s304350772.py,0.45899834892680247,1333
/Volume1/AI4CODE/CodeNet/data/p02566/Python/s957359186.py,0.26417171161254815,526
/Volume1/AI4CODE/CodeNet/data/p02566/Python/s294674130.py,0.07870115575123826,153
/Volume1/AI4CODE/CodeNet/data/p02566/Python/s844025653.py,0.07870115575123826,153
/Volume1/AI4CODE/CodeNet/data/p02566/Python/s393061815.py,0.5875675675675676,1850
/Volume1/AI4CODE/CodeNet/data/p02566/Python/s179611483.py,0.5875675675675676,1850
/Volume1/AI4CODE/CodeNet/data/p02566/Python/s446857323.py,0.5945072697899838,1857
/Volume1/AI4CODE/CodeNet/data/p02566/Python/s513642736.py,0.01706108970831044,33
/Volume1/AI4CODE/CodeNet/data/p02566/Python/s551151879.py,0.023115024766097947,44
/Volume1/AI4CODE/CodeNet/data/p02566/Python/s662857607.py,0.11271813675561893,14727
/Volume1/AI4CODE/CodeNet/data/p02566/Python/s222762834.py,0.046230049532195894,91
/Volume1/AI4CODE/CodeNet/data/p02566/Python/s767909998.py,0.546505228398459,1429
/Volume1/AI4CODE/CodeNet/data/p02566/Python/s791562978.py,0.5443037974683544,1423
/Volume1/AI4CODE/CodeNet/data/p02566/Python/s871488728.py,0.6318161333934205,2219
/Volume1/AI4CODE/CodeNet/data/p02566/Python/s507761241.py,0.7107995846313604,1926
/Volume1/AI4CODE/CodeNet/data/p02566/Python/s555319235.py,0.46009906439185466,1163
/Volume1/AI4CODE/CodeNet/data/p02566/Python/s385017652.py,0.45349477160154095,1108
/Volume1/AI4CODE/CodeNet/data/p02566/Python/s732689903.py,0.5019262520638414,1486
/Volume1/AI4CODE/CodeNet/data/p02566/Python/s516172007.py,0.5019262520638414,1486

/Volume1/AI4CODE/CodeNet/data/p02566/Python/s732969965.py,153
/Volume1/AI4CODE/CodeNet/data/p02566/Python/s374160629.py,0.21680672268907564,595
/Volume1/AI4CODE/CodeNet/data/p02566/Python/s240397110.py,0.09705248023005031,1391
/Volume1/AI4CODE/CodeNet/data/p02566/Python/s378722439.py,0.09705248023005031,1391
/Volume1/AI4CODE/CodeNet/data/p02566/Python/s783393674.py,0.0791690061763054,1781
/Volume1/AI4CODE/CodeNet/data/p02566/Python/s894836546.py,0.2310344827586207,580
/Volume1/AI4CODE/CodeNet/data/p02566/Python/s657840635.py,0.07451181911613569,1946
/Volume1/AI4CODE/CodeNet/data/p02566/Python/s722233151.py,0.07451181911613569,1946
/Volume1/AI4CODE/CodeNet/data/p02566/Python/s947792663.py,0.07466529351184348,1942
/Volume1/AI4CODE/CodeNet/data/p02566/Python/s023832340.py,0.07466529351184348,1942
/Volume1/AI4CODE/CodeNet/data/p02566/Python/s092629333.py,0.07466529351184348,1942
/Volume1/AI4CODE/CodeNet/data/p02566/Python/s849956034.py,0.07552083333333337,1920
/Volume1/AI4CODE/CodeNet/data/p02566/Python/s331488163.py,0.07451181911613569,1946
/Volume1/AI4CODE/CodeNet/data/p02566/Python/s278638295.py,0.09903201787043936,1343
/Volume1/AI4CODE/CodeNet/data/p02566/Python/s109123735.py,0.09977494373593399,1333
/Volume1/AI4CODE/CodeNet/data/p02566/Python/s304350772.py,0.09977494373593399,1333
/Volume1/AI4CODE/CodeNet/data/p02566/Python/s957359186.py,0.23574144486692017,526
/Volume1/AI4CODE/CodeNet/data/p02566/Python/s294674130.py,0.7124183006535948,153
/Volume1/AI4CODE/CodeNet/data/p02566/Python/s844025653.py,0.7124183006535948,153
/Volume1/AI4CODE/CodeNet/data/p02566/Python/s393061815.py,0.07621621621621621,1850
/Volume1/AI4CODE/CodeNet/data/p02566/Python/s179611483.py,0.07621621621621621,1850
/Volume1/AI4CODE/CodeNet/data/p02566/Python/s446857323.py,0.07592891760904685,1857
/Volume1/AI4CODE/CodeNet/data/p02566/Python/s513642736.py,0.196078431372549,33
/Volume1/AI4CODE/CodeNet/data/p02566/Python/s551151879.py,0.2222222222222222,44
/Volume1/AI4CODE/CodeNet/data/p02566/Python/s662857607.py,0.010321178787261465,14727
/Volume1/AI4CODE/CodeNet/data/p02566/Python/s222762834.py,0.46405228758169936,91
/Volume1/AI4CODE/CodeNet/data/p02566/Python/s767909998.py,0.1014695591322603,1429
/Volume1/AI4CODE/CodeNet/data/p02566/Python/s791562978.py,0.1018973998594519,1423
/Volume1/AI4CODE/CodeNet/data/p02566/Python/s871488728.py,0.06489409643983779,2219
/Volume1/AI4CODE/CodeNet/data/p02566/Python/s507761241.py,0.07217030114226375,1926
/Volume1/AI4CODE/CodeNet/data/p02566/Python/s555319235.py,0.11435941530524507,1163
/Volume1/AI4CODE/CodeNet/data/p02566/Python/s385017652.py,0.12274368231046928,1108
/Volume1/AI4CODE/CodeNet/data/p02566/Python/s732689903.py,0.09219380888290718,1486
/Volume1/AI4CODE/CodeNet/data/p02566/Python/s516172007.py,0.09219380888290718,1486

/Volume1/AI4CODE/CodeNet/data/p02566/Python/s374160629.py,595
/Volume1/AI4CODE/CodeNet/data/p02566/Python/s240397110.py,0.3652048885693745,1391
/Volume1/AI4CODE/CodeNet/data/p02566/Python/s378722439.py,0.3652048885693745,1391
/Volume1/AI4CODE/CodeNet/data/p02566/Python/s783393674.py,0.2897248736664795,1781
/Volume1/AI4CODE/CodeNet/data/p02566/Python/s894836546.py,0.5361344537815126,580
/Volume1/AI4CODE/CodeNet/data/p02566/Python/s657840635.py,0.27338129496402874,1946
/Volume1/AI4CODE/CodeNet/data/p02566/Python/s722233151.py,0.27338129496402874,1946
/Volume1/AI4CODE/CodeNet/data/p02566/Python/s947792663.py,0.27291452111225545,1942
/Volume1/AI4CODE/CodeNet/data/p02566/Python/s023832340.py,0.27291452111225545,1942
/Volume1/AI4CODE/CodeNet/data/p02566/Python/s092629333.py,0.27291452111225545,1942
/Volume1/AI4CODE/CodeNet/data/p02566/Python/s849956034.py,0.2755208333333333,1920
/Volume1/AI4CODE/CodeNet/data/p02566/Python/s331488163.py,0.2723535457348407,1946
/Volume1/AI4CODE/CodeNet/data/p02566/Python/s278638295.py,0.3559195830230827,1343
/Volume1/AI4CODE/CodeNet/data/p02566/Python/s109123735.py,0.3548387096774194,1333
/Volume1/AI4CODE/CodeNet/data/p02566/Python/s304350772.py,0.3548387096774194,1333
/Volume1/AI4CODE/CodeNet/data/p02566/Python/s957359186.py,0.5596638655462185,526
/Volume1/AI4CODE/CodeNet/data/p02566/Python/s294674130.py,0.2184873949579832,153
/Volume1/AI4CODE/CodeNet/data/p02566/Python/s844025653.py,0.2184873949579832,153
/Volume1/AI4CODE/CodeNet/data/p02566/Python/s393061815.py,0.2810810810810811,1850
/Volume1/AI4CODE/CodeNet/data/p02566/Python/s179611483.py,0.2810810810810811,1850
/Volume1/AI4CODE/CodeNet/data/p02566/Python/s446857323.py,0.28109854604200324,1857
/Volume1/AI4CODE/CodeNet/data/p02566/Python/s513642736.py,0.05210084033613449,33
/Volume1/AI4CODE/CodeNet/data/p02566/Python/s551151879.py,0.0672268907563025,44
/Volume1/AI4CODE/CodeNet/data/p02566/Python/s662857607.py,0.03972295783255242,14727
/Volume1/AI4CODE/CodeNet/data/p02566/Python/s222762834.py,0.13949579831932768,91
/Volume1/AI4CODE/CodeNet/data/p02566/Python/s767909998.py,0.3414975507347796,1429
/Volume1/AI4CODE/CodeNet/data/p02566/Python/s791562978.py,0.3443429374560787,1423
/Volume1/AI4CODE/CodeNet/data/p02566/Python/s871488728.py,0.24245155475439384,2219
/Volume1/AI4CODE/CodeNet/data/p02566/Python/s507761241.py,0.27310488058151605,1926
/Volume1/AI4CODE/CodeNet/data/p02566/Python/s555319235.py,0.4032674118658641,1163
/Volume1/AI4CODE/CodeNet/data/p02566/Python/s385017652.py,0.41967509025270755,1108
/Volume1/AI4CODE/CodeNet/data/p02566/Python/s732689903.py,0.33512786002691786,1486
/Volume1/AI4CODE/CodeNet/data/p02566/Python/s516172007.py,0.33512786002691786,1486

/Volume1/AI4CODE/CodeNet/data/p02566/Python/s240397110.py,1391
/Volume1/AI4CODE/CodeNet/data/p02566/Python/s378722439.py,1.0,1391
/Volume1/AI4CODE/CodeNet/data/p02566/Python/s783393674.py,0.5204941044357103,1781
/Volume1/AI4CODE/CodeNet/data/p02566/Python/s894836546.py,0.33069734004313445,580
/Volume1/AI4CODE/CodeNet/data/p02566/Python/s657840635.py,0.4969167523124358,1946
/Volume1/AI4CODE/CodeNet/data/p02566/Python/s722233151.py,0.4969167523124358,1946
/Volume1/AI4CODE/CodeNet/data/p02566/Python/s947792663.py,0.49588053553038103,1942
/Volume1/AI4CODE/CodeNet/data/p02566/Python/s023832340.py,0.49639546858908346,1942
/Volume1/AI4CODE/CodeNet/data/p02566/Python/s092629333.py,0.49639546858908346,1942
/Volume1/AI4CODE/CodeNet/data/p02566/Python/s849956034.py,0.5005208333333333,1920
/Volume1/AI4CODE/CodeNet/data/p02566/Python/s331488163.py,0.4943473792394656,1946
/Volume1/AI4CODE/CodeNet/data/p02566/Python/s278638295.py,0.8936017253774263,1343
/Volume1/AI4CODE/CodeNet/data/p02566/Python/s109123735.py,0.895039539899353,1333
/Volume1/AI4CODE/CodeNet/data/p02566/Python/s304350772.py,0.895039539899353,1333
/Volume1/AI4CODE/CodeNet/data/p02566/Python/s957359186.py,0.3457943925233645,526
/Volume1/AI4CODE/CodeNet/data/p02566/Python/s294674130.py,0.10064701653486696,153
/Volume1/AI4CODE/CodeNet/data/p02566/Python/s844025653.py,0.10064701653486696,153
/Volume1/AI4CODE/CodeNet/data/p02566/Python/s393061815.py,0.5037837837837837,1850
/Volume1/AI4CODE/CodeNet/data/p02566/Python/s179611483.py,0.5037837837837837,1850
/Volume1/AI4CODE/CodeNet/data/p02566/Python/s446857323.py,0.501884760366182,1857
/Volume1/AI4CODE/CodeNet/data/p02566/Python/s513642736.py,0.02084831056793679,33
/Volume1/AI4CODE/CodeNet/data/p02566/Python/s551151879.py,0.02875629043853345,44
/Volume1/AI4CODE/CodeNet/data/p02566/Python/s662857607.py,0.08705099477150813,14727
/Volume1/AI4CODE/CodeNet/data/p02566/Python/s222762834.py,0.05966930265995685,91
/Volume1/AI4CODE/CodeNet/data/p02566/Python/s767909998.py,0.48635409377186845,1429
/Volume1/AI4CODE/CodeNet/data/p02566/Python/s791562978.py,0.48699929725931135,1423
/Volume1/AI4CODE/CodeNet/data/p02566/Python/s871488728.py,0.43217665615141954,2219
/Volume1/AI4CODE/CodeNet/data/p02566/Python/s507761241.py,0.48857736240913807,1926
/Volume1/AI4CODE/CodeNet/data/p02566/Python/s555319235.py,0.5348670021567218,1163
/Volume1/AI4CODE/CodeNet/data/p02566/Python/s385017652.py,0.5319913731128685,1108
/Volume1/AI4CODE/CodeNet/data/p02566/Python/s732689903.py,0.4724091520861373,1486
/Volume1/AI4CODE/CodeNet/data/p02566/Python/s516172007.py,0.4724091520861373,1486

/Volume1/AI4CODE/CodeNet/data/p02566/Python/s378722439.py,1391
/Volume1/AI4CODE/CodeNet/data/p02566/Python/s783393674.py,0.5204941044357103,1781
/Volume1/AI4CODE/CodeNet/data/p02566/Python/s894836546.py,0.33069734004313445,580
/Volume1/AI4CODE/CodeNet/data/p02566/Python/s657840635.py,0.4969167523124358,1946
/Volume1/AI4CODE/CodeNet/data/p02566/Python/s722233151.py,0.4969167523124358,1946
/Volume1/AI4CODE/CodeNet/data/p02566/Python/s947792663.py,0.49588053553038103,1942
/Volume1/AI4CODE/CodeNet/data/p02566/Python/s023832340.py,0.49639546858908346,1942
/Volume1/AI4CODE/CodeNet/data/p02566/Python/s092629333.py,0.49639546858908346,1942
/Volume1/AI4CODE/CodeNet/data/p02566/Python/s849956034.py,0.5005208333333333,1920
/Volume1/AI4CODE/CodeNet/data/p02566/Python/s331488163.py,0.4943473792394656,1946
/Volume1/AI4CODE/CodeNet/data/p02566/Python/s278638295.py,0.8936017253774263,1343
/Volume1/AI4CODE/CodeNet/data/p02566/Python/s109123735.py,0.895039539899353,1333
/Volume1/AI4CODE/CodeNet/data/p02566/Python/s304350772.py,0.895039539899353,1333
/Volume1/AI4CODE/CodeNet/data/p02566/Python/s957359186.py,0.3457943925233645,526
/Volume1/AI4CODE/CodeNet/data/p02566/Python/s294674130.py,0.10064701653486696,153
/Volume1/AI4CODE/CodeNet/data/p02566/Python/s844025653.py,0.10064701653486696,153
/Volume1/AI4CODE/CodeNet/data/p02566/Python/s393061815.py,0.5037837837837837,1850
/Volume1/AI4CODE/CodeNet/data/p02566/Python/s179611483.py,0.5037837837837837,1850
/Volume1/AI4CODE/CodeNet/data/p02566/Python/s446857323.py,0.501884760366182,1857
/Volume1/AI4CODE/CodeNet/data/p02566/Python/s513642736.py,0.02084831056793679,33
/Volume1/AI4CODE/CodeNet/data/p02566/Python/s551151879.py,0.02875629043853345,44
/Volume1/AI4CODE/CodeNet/data/p02566/Python/s662857607.py,0.08705099477150813,14727
/Volume1/AI4CODE/CodeNet/data/p02566/Python/s222762834.py,0.05966930265995685,91
/Volume1/AI4CODE/CodeNet/data/p02566/Python/s767909998.py,0.48635409377186845,1429
/Volume1/AI4CODE/CodeNet/data/p02566/Python/s791562978.py,0.48699929725931135,1423
/Volume1/AI4CODE/CodeNet/data/p02566/Python/s871488728.py,0.43217665615141954,2219
/Volume1/AI4CODE/CodeNet/data/p02566/Python/s507761241.py,0.48857736240913807,1926
/Volume1/AI4CODE/CodeNet/data/p02566/Python/s555319235.py,0.5348670021567218,1163
/Volume1/AI4CODE/CodeNet/data/p02566/Python/s385017652.py,0.5319913731128685,1108
/Volume1/AI4CODE/CodeNet/data/p02566/Python/s732689903.py,0.4724091520861373,1486
/Volume1/AI4CODE/CodeNet/data/p02566/Python/s516172007.py,0.4724091520861373,1486

/Volume1/AI4CODE/CodeNet/data/p02566/Python/s783393674.py,1781
/Volume1/AI4CODE/CodeNet/data/p02566/Python/s894836546.py,0.2672655811341943,580
/Volume1/AI4CODE/CodeNet/data/p02566/Python/s657840635.py,0.8715313463514902,1946
/Volume1/AI4CODE/CodeNet/data/p02566/Python/s722233151.py,0.8715313463514902,1946
/Volume1/AI4CODE/CodeNet/data/p02566/Python/s947792663.py,0.8640576725025747,1942
/Volume1/AI4CODE/CodeNet/data/p02566/Python/s023832340.py,0.8614830072090628,1942
/Volume1/AI4CODE/CodeNet/data/p02566/Python/s092629333.py,0.8614830072090628,1942
/Volume1/AI4CODE/CodeNet/data/p02566/Python/s849956034.py,0.8380208333333333,1920
/Volume1/AI4CODE/CodeNet/data/p02566/Python/s331488163.py,0.8273381294964028,1946
/Volume1/AI4CODE/CodeNet/data/p02566/Python/s278638295.py,0.4750140370578326,1343
/Volume1/AI4CODE/CodeNet/data/p02566/Python/s109123735.py,0.47613700168444695,1333
/Volume1/AI4CODE/CodeNet/data/p02566/Python/s304350772.py,0.47613700168444695,1333
/Volume1/AI4CODE/CodeNet/data/p02566/Python/s957359186.py,0.27344188658057267,526
/Volume1/AI4CODE/CodeNet/data/p02566/Python/s294674130.py,0.0791690061763054,153
/Volume1/AI4CODE/CodeNet/data/p02566/Python/s844025653.py,0.0791690061763054,153
/Volume1/AI4CODE/CodeNet/data/p02566/Python/s393061815.py,0.8264864864864865,1850
/Volume1/AI4CODE/CodeNet/data/p02566/Python/s179611483.py,0.8264864864864865,1850
/Volume1/AI4CODE/CodeNet/data/p02566/Python/s446857323.py,0.8228325255788906,1857
/Volume1/AI4CODE/CodeNet/data/p02566/Python/s513642736.py,0.017405951712521017,33
/Volume1/AI4CODE/CodeNet/data/p02566/Python/s551151879.py,0.0235822571588995,44
/Volume1/AI4CODE/CodeNet/data/p02566/Python/s662857607.py,0.11176750186731854,14727
/Volume1/AI4CODE/CodeNet/data/p02566/Python/s222762834.py,0.047164514317799,91
/Volume1/AI4CODE/CodeNet/data/p02566/Python/s767909998.py,0.5777653003930376,1429
/Volume1/AI4CODE/CodeNet/data/p02566/Python/s791562978.py,0.5777653003930376,1423
/Volume1/AI4CODE/CodeNet/data/p02566/Python/s871488728.py,0.5853988283010365,2219
/Volume1/AI4CODE/CodeNet/data/p02566/Python/s507761241.py,0.620976116303219,1926
/Volume1/AI4CODE/CodeNet/data/p02566/Python/s555319235.py,0.4744525547445255,1163
/Volume1/AI4CODE/CodeNet/data/p02566/Python/s385017652.py,0.4654688377316114,1108
/Volume1/AI4CODE/CodeNet/data/p02566/Python/s732689903.py,0.4974733295901179,1486
/Volume1/AI4CODE/CodeNet/data/p02566/Python/s516172007.py,0.4974733295901179,1486

/Volume1/AI4CODE/CodeNet/data/p02566/Python/s894836546.py,580
/Volume1/AI4CODE/CodeNet/data/p02566/Python/s657840635.py,0.24974306269270297,1946
/Volume1/AI4CODE/CodeNet/data/p02566/Python/s722233151.py,0.24974306269270297,1946
/Volume1/AI4CODE/CodeNet/data/p02566/Python/s947792663.py,0.2502574665293512,1942
/Volume1/AI4CODE/CodeNet/data/p02566/Python/s023832340.py,0.2502574665293512,1942
/Volume1/AI4CODE/CodeNet/data/p02566/Python/s092629333.py,0.2502574665293512,1942
/Volume1/AI4CODE/CodeNet/data/p02566/Python/s849956034.py,0.25260416666666663,1920
/Volume1/AI4CODE/CodeNet/data/p02566/Python/s331488163.py,0.24974306269270297,1946
/Volume1/AI4CODE/CodeNet/data/p02566/Python/s278638295.py,0.33953834698436336,1343
/Volume1/AI4CODE/CodeNet/data/p02566/Python/s109123735.py,0.33983495873968494,1333
/Volume1/AI4CODE/CodeNet/data/p02566/Python/s304350772.py,0.33983495873968494,1333
/Volume1/AI4CODE/CodeNet/data/p02566/Python/s957359186.py,0.5120689655172415,526
/Volume1/AI4CODE/CodeNet/data/p02566/Python/s294674130.py,0.22413793103448276,153
/Volume1/AI4CODE/CodeNet/data/p02566/Python/s844025653.py,0.22413793103448276,153
/Volume1/AI4CODE/CodeNet/data/p02566/Python/s393061815.py,0.26,1850
/Volume1/AI4CODE/CodeNet/data/p02566/Python/s179611483.py,0.26,1850
/Volume1/AI4CODE/CodeNet/data/p02566/Python/s446857323.py,0.25848142164781907,1857
/Volume1/AI4CODE/CodeNet/data/p02566/Python/s513642736.py,0.05344827586206902,33
/Volume1/AI4CODE/CodeNet/data/p02566/Python/s551151879.py,0.07068965517241377,44
/Volume1/AI4CODE/CodeNet/data/p02566/Python/s662857607.py,0.038297005500101844,14727
/Volume1/AI4CODE/CodeNet/data/p02566/Python/s222762834.py,0.1448275862068965,91
/Volume1/AI4CODE/CodeNet/data/p02566/Python/s767909998.py,0.3428971308607418,1429
/Volume1/AI4CODE/CodeNet/data/p02566/Python/s791562978.py,0.3450456781447646,1423
/Volume1/AI4CODE/CodeNet/data/p02566/Python/s871488728.py,0.22577737719693558,2219
/Volume1/AI4CODE/CodeNet/data/p02566/Python/s507761241.py,0.2507788161993769,1926
/Volume1/AI4CODE/CodeNet/data/p02566/Python/s555319235.py,0.3740326741186586,1163
/Volume1/AI4CODE/CodeNet/data/p02566/Python/s385017652.py,0.3772563176895307,1108
/Volume1/AI4CODE/CodeNet/data/p02566/Python/s732689903.py,0.31022880215343207,1486
/Volume1/AI4CODE/CodeNet/data/p02566/Python/s516172007.py,0.31022880215343207,1486

/Volume1/AI4CODE/CodeNet/data/p02566/Python/s657840635.py,1946
/Volume1/AI4CODE/CodeNet/data/p02566/Python/s722233151.py,1.0,1946
/Volume1/AI4CODE/CodeNet/data/p02566/Python/s947792663.py,0.9928057553956835,1942
/Volume1/AI4CODE/CodeNet/data/p02566/Python/s023832340.py,0.9902363823227133,1942
/Volume1/AI4CODE/CodeNet/data/p02566/Python/s092629333.py,0.9902363823227133,1942
/Volume1/AI4CODE/CodeNet/data/p02566/Python/s849956034.py,0.9686536485097637,1920
/Volume1/AI4CODE/CodeNet/data/p02566/Python/s331488163.py,0.9552929085303186,1946
/Volume1/AI4CODE/CodeNet/data/p02566/Python/s278638295.py,0.4578622816032888,1343
/Volume1/AI4CODE/CodeNet/data/p02566/Python/s109123735.py,0.4573484069886947,1333
/Volume1/AI4CODE/CodeNet/data/p02566/Python/s304350772.py,0.4573484069886947,1333
/Volume1/AI4CODE/CodeNet/data/p02566/Python/s957359186.py,0.24871531346351494,526
/Volume1/AI4CODE/CodeNet/data/p02566/Python/s294674130.py,0.07502569373072965,153
/Volume1/AI4CODE/CodeNet/data/p02566/Python/s844025653.py,0.07502569373072965,153
/Volume1/AI4CODE/CodeNet/data/p02566/Python/s393061815.py,0.9018499486125385,1850
/Volume1/AI4CODE/CodeNet/data/p02566/Python/s179611483.py,0.9018499486125385,1850
/Volume1/AI4CODE/CodeNet/data/p02566/Python/s446857323.py,0.9033915724563206,1857
/Volume1/AI4CODE/CodeNet/data/p02566/Python/s513642736.py,0.015930113052415207,33
/Volume1/AI4CODE/CodeNet/data/p02566/Python/s551151879.py,0.021582733812949617,44
/Volume1/AI4CODE/CodeNet/data/p02566/Python/s662857607.py,0.12195287567053714,14727
/Volume1/AI4CODE/CodeNet/data/p02566/Python/s222762834.py,0.0436793422404933,91
/Volume1/AI4CODE/CodeNet/data/p02566/Python/s767909998.py,0.5616649537512847,1429
/Volume1/AI4CODE/CodeNet/data/p02566/Python/s791562978.py,0.5626927029804727,1423
/Volume1/AI4CODE/CodeNet/data/p02566/Python/s871488728.py,0.6020730058584949,2219
/Volume1/AI4CODE/CodeNet/data/p02566/Python/s507761241.py,0.657245632065776,1926
/Volume1/AI4CODE/CodeNet/data/p02566/Python/s555319235.py,0.46454265159301134,1163
/Volume1/AI4CODE/CodeNet/data/p02566/Python/s385017652.py,0.4311408016443987,1108
/Volume1/AI4CODE/CodeNet/data/p02566/Python/s732689903.py,0.5020554984583762,1486
/Volume1/AI4CODE/CodeNet/data/p02566/Python/s516172007.py,0.5020554984583762,1486

/Volume1/AI4CODE/CodeNet/data/p02566/Python/s722233151.py,1946
/Volume1/AI4CODE/CodeNet/data/p02566/Python/s947792663.py,0.9928057553956835,1942
/Volume1/AI4CODE/CodeNet/data/p02566/Python/s023832340.py,0.9902363823227133,1942
/Volume1/AI4CODE/CodeNet/data/p02566/Python/s092629333.py,0.9902363823227133,1942
/Volume1/AI4CODE/CodeNet/data/p02566/Python/s849956034.py,0.9686536485097637,1920
/Volume1/AI4CODE/CodeNet/data/p02566/Python/s331488163.py,0.9552929085303186,1946
/Volume1/AI4CODE/CodeNet/data/p02566/Python/s278638295.py,0.4578622816032888,1343
/Volume1/AI4CODE/CodeNet/data/p02566/Python/s109123735.py,0.4573484069886947,1333
/Volume1/AI4CODE/CodeNet/data/p02566/Python/s304350772.py,0.4573484069886947,1333
/Volume1/AI4CODE/CodeNet/data/p02566/Python/s957359186.py,0.24871531346351494,526
/Volume1/AI4CODE/CodeNet/data/p02566/Python/s294674130.py,0.07502569373072965,153
/Volume1/AI4CODE/CodeNet/data/p02566/Python/s844025653.py,0.07502569373072965,153
/Volume1/AI4CODE/CodeNet/data/p02566/Python/s393061815.py,0.9018499486125385,1850
/Volume1/AI4CODE/CodeNet/data/p02566/Python/s179611483.py,0.9018499486125385,1850
/Volume1/AI4CODE/CodeNet/data/p02566/Python/s446857323.py,0.9033915724563206,1857
/Volume1/AI4CODE/CodeNet/data/p02566/Python/s513642736.py,0.015930113052415207,33
/Volume1/AI4CODE/CodeNet/data/p02566/Python/s551151879.py,0.021582733812949617,44
/Volume1/AI4CODE/CodeNet/data/p02566/Python/s662857607.py,0.12195287567053714,14727
/Volume1/AI4CODE/CodeNet/data/p02566/Python/s222762834.py,0.0436793422404933,91
/Volume1/AI4CODE/CodeNet/data/p02566/Python/s767909998.py,0.5616649537512847,1429
/Volume1/AI4CODE/CodeNet/data/p02566/Python/s791562978.py,0.5626927029804727,1423
/Volume1/AI4CODE/CodeNet/data/p02566/Python/s871488728.py,0.6020730058584949,2219
/Volume1/AI4CODE/CodeNet/data/p02566/Python/s507761241.py,0.657245632065776,1926
/Volume1/AI4CODE/CodeNet/data/p02566/Python/s555319235.py,0.46454265159301134,1163
/Volume1/AI4CODE/CodeNet/data/p02566/Python/s385017652.py,0.4311408016443987,1108
/Volume1/AI4CODE/CodeNet/data/p02566/Python/s732689903.py,0.5020554984583762,1486
/Volume1/AI4CODE/CodeNet/data/p02566/Python/s516172007.py,0.5020554984583762,1486

/Volume1/AI4CODE/CodeNet/data/p02566/Python/s947792663.py,1942
/Volume1/AI4CODE/CodeNet/data/p02566/Python/s023832340.py,0.9974253347064882,1942
/Volume1/AI4CODE/CodeNet/data/p02566/Python/s092629333.py,0.9974253347064882,1942
/Volume1/AI4CODE/CodeNet/data/p02566/Python/s849956034.py,0.9757981462409887,1920
/Volume1/AI4CODE/CodeNet/data/p02566/Python/s331488163.py,0.9624871531346352,1946
/Volume1/AI4CODE/CodeNet/data/p02566/Python/s278638295.py,0.4562306900102987,1343
/Volume1/AI4CODE/CodeNet/data/p02566/Python/s109123735.py,0.45520082389289396,1333
/Volume1/AI4CODE/CodeNet/data/p02566/Python/s304350772.py,0.45520082389289396,1333
/Volume1/AI4CODE/CodeNet/data/p02566/Python/s957359186.py,0.24922760041194647,526
/Volume1/AI4CODE/CodeNet/data/p02566/Python/s294674130.py,0.07466529351184348,153
/Volume1/AI4CODE/CodeNet/data/p02566/Python/s844025653.py,0.07466529351184348,153
/Volume1/AI4CODE/CodeNet/data/p02566/Python/s393061815.py,0.9088568486096807,1850
/Volume1/AI4CODE/CodeNet/data/p02566/Python/s179611483.py,0.9088568486096807,1850
/Volume1/AI4CODE/CodeNet/data/p02566/Python/s446857323.py,0.9104016477857878,1857
/Volume1/AI4CODE/CodeNet/data/p02566/Python/s513642736.py,0.01596292481977346,33
/Volume1/AI4CODE/CodeNet/data/p02566/Python/s551151879.py,0.02162718846549949,44
/Volume1/AI4CODE/CodeNet/data/p02566/Python/s662857607.py,0.12140965573436546,14727
/Volume1/AI4CODE/CodeNet/data/p02566/Python/s222762834.py,0.0437693099897013,91
/Volume1/AI4CODE/CodeNet/data/p02566/Python/s767909998.py,0.5612770339855819,1429
/Volume1/AI4CODE/CodeNet/data/p02566/Python/s791562978.py,0.5623069001029866,1423
/Volume1/AI4CODE/CodeNet/data/p02566/Python/s871488728.py,0.5998197386210005,2219
/Volume1/AI4CODE/CodeNet/data/p02566/Python/s507761241.py,0.6585993820803295,1926
/Volume1/AI4CODE/CodeNet/data/p02566/Python/s555319235.py,0.4613800205973223,1163
/Volume1/AI4CODE/CodeNet/data/p02566/Python/s385017652.py,0.4325437693099897,1108
/Volume1/AI4CODE/CodeNet/data/p02566/Python/s732689903.py,0.5025746652935119,1486
/Volume1/AI4CODE/CodeNet/data/p02566/Python/s516172007.py,0.5025746652935119,1486

/Volume1/AI4CODE/CodeNet/data/p02566/Python/s023832340.py,1942
/Volume1/AI4CODE/CodeNet/data/p02566/Python/s092629333.py,1.0,1942
/Volume1/AI4CODE/CodeNet/data/p02566/Python/s849956034.py,0.9783728115345005,1920
/Volume1/AI4CODE/CodeNet/data/p02566/Python/s331488163.py,0.9650565262076054,1946
/Volume1/AI4CODE/CodeNet/data/p02566/Python/s278638295.py,0.456745623069001,1343
/Volume1/AI4CODE/CodeNet/data/p02566/Python/s109123735.py,0.4557157569515963,1333
/Volume1/AI4CODE/CodeNet/data/p02566/Python/s304350772.py,0.4557157569515963,1333
/Volume1/AI4CODE/CodeNet/data/p02566/Python/s957359186.py,0.24922760041194647,526
/Volume1/AI4CODE/CodeNet/data/p02566/Python/s294674130.py,0.07466529351184348,153
/Volume1/AI4CODE/CodeNet/data/p02566/Python/s844025653.py,0.07466529351184348,153
/Volume1/AI4CODE/CodeNet/data/p02566/Python/s393061815.py,0.9114315139031925,1850
/Volume1/AI4CODE/CodeNet/data/p02566/Python/s179611483.py,0.9114315139031925,1850
/Volume1/AI4CODE/CodeNet/data/p02566/Python/s446857323.py,0.9129763130792997,1857
/Volume1/AI4CODE/CodeNet/data/p02566/Python/s513642736.py,0.01596292481977346,33
/Volume1/AI4CODE/CodeNet/data/p02566/Python/s551151879.py,0.02162718846549949,44
/Volume1/AI4CODE/CodeNet/data/p02566/Python/s662857607.py,0.12147755822638695,14727
/Volume1/AI4CODE/CodeNet/data/p02566/Python/s222762834.py,0.0437693099897013,91
/Volume1/AI4CODE/CodeNet/data/p02566/Python/s767909998.py,0.55870236869207,1429
/Volume1/AI4CODE/CodeNet/data/p02566/Python/s791562978.py,0.5597322348094748,1423
/Volume1/AI4CODE/CodeNet/data/p02566/Python/s871488728.py,0.597566471383506,2219
/Volume1/AI4CODE/CodeNet/data/p02566/Python/s507761241.py,0.6560247167868177,1926
/Volume1/AI4CODE/CodeNet/data/p02566/Python/s555319235.py,0.4613800205973223,1163
/Volume1/AI4CODE/CodeNet/data/p02566/Python/s385017652.py,0.4325437693099897,1108
/Volume1/AI4CODE/CodeNet/data/p02566/Python/s732689903.py,0.5036045314109165,1486
/Volume1/AI4CODE/CodeNet/data/p02566/Python/s516172007.py,0.5036045314109165,1486

/Volume1/AI4CODE/CodeNet/data/p02566/Python/s092629333.py,1942
/Volume1/AI4CODE/CodeNet/data/p02566/Python/s849956034.py,0.9783728115345005,1920
/Volume1/AI4CODE/CodeNet/data/p02566/Python/s331488163.py,0.9650565262076054,1946
/Volume1/AI4CODE/CodeNet/data/p02566/Python/s278638295.py,0.456745623069001,1343
/Volume1/AI4CODE/CodeNet/data/p02566/Python/s109123735.py,0.4557157569515963,1333
/Volume1/AI4CODE/CodeNet/data/p02566/Python/s304350772.py,0.4557157569515963,1333
/Volume1/AI4CODE/CodeNet/data/p02566/Python/s957359186.py,0.24922760041194647,526
/Volume1/AI4CODE/CodeNet/data/p02566/Python/s294674130.py,0.07466529351184348,153
/Volume1/AI4CODE/CodeNet/data/p02566/Python/s844025653.py,0.07466529351184348,153
/Volume1/AI4CODE/CodeNet/data/p02566/Python/s393061815.py,0.9114315139031925,1850
/Volume1/AI4CODE/CodeNet/data/p02566/Python/s179611483.py,0.9114315139031925,1850
/Volume1/AI4CODE/CodeNet/data/p02566/Python/s446857323.py,0.9129763130792997,1857
/Volume1/AI4CODE/CodeNet/data/p02566/Python/s513642736.py,0.01596292481977346,33
/Volume1/AI4CODE/CodeNet/data/p02566/Python/s551151879.py,0.02162718846549949,44
/Volume1/AI4CODE/CodeNet/data/p02566/Python/s662857607.py,0.12147755822638695,14727
/Volume1/AI4CODE/CodeNet/data/p02566/Python/s222762834.py,0.0437693099897013,91
/Volume1/AI4CODE/CodeNet/data/p02566/Python/s767909998.py,0.55870236869207,1429
/Volume1/AI4CODE/CodeNet/data/p02566/Python/s791562978.py,0.5597322348094748,1423
/Volume1/AI4CODE/CodeNet/data/p02566/Python/s871488728.py,0.597566471383506,2219
/Volume1/AI4CODE/CodeNet/data/p02566/Python/s507761241.py,0.6560247167868177,1926
/Volume1/AI4CODE/CodeNet/data/p02566/Python/s555319235.py,0.4613800205973223,1163
/Volume1/AI4CODE/CodeNet/data/p02566/Python/s385017652.py,0.4325437693099897,1108
/Volume1/AI4CODE/CodeNet/data/p02566/Python/s732689903.py,0.5036045314109165,1486
/Volume1/AI4CODE/CodeNet/data/p02566/Python/s516172007.py,0.5036045314109165,1486

/Volume1/AI4CODE/CodeNet/data/p02566/Python/s849956034.py,1920
/Volume1/AI4CODE/CodeNet/data/p02566/Python/s331488163.py,0.986639260020555,1946
/Volume1/AI4CODE/CodeNet/data/p02566/Python/s278638295.py,0.4604166666666667,1343
/Volume1/AI4CODE/CodeNet/data/p02566/Python/s109123735.py,0.459375,1333
/Volume1/AI4CODE/CodeNet/data/p02566/Python/s304350772.py,0.459375,1333
/Volume1/AI4CODE/CodeNet/data/p02566/Python/s957359186.py,0.2515625,526
/Volume1/AI4CODE/CodeNet/data/p02566/Python/s294674130.py,0.07552083333333337,153
/Volume1/AI4CODE/CodeNet/data/p02566/Python/s844025653.py,0.07552083333333337,153
/Volume1/AI4CODE/CodeNet/data/p02566/Python/s393061815.py,0.9322916666666666,1850
/Volume1/AI4CODE/CodeNet/data/p02566/Python/s179611483.py,0.9322916666666666,1850
/Volume1/AI4CODE/CodeNet/data/p02566/Python/s446857323.py,0.9338541666666667,1857
/Volume1/AI4CODE/CodeNet/data/p02566/Python/s513642736.py,0.016145833333333304,33
/Volume1/AI4CODE/CodeNet/data/p02566/Python/s551151879.py,0.021874999999999978,44
/Volume1/AI4CODE/CodeNet/data/p02566/Python/s662857607.py,0.12011950838595775,14727
/Volume1/AI4CODE/CodeNet/data/p02566/Python/s222762834.py,0.04427083333333337,91
/Volume1/AI4CODE/CodeNet/data/p02566/Python/s767909998.py,0.5578125,1429
/Volume1/AI4CODE/CodeNet/data/p02566/Python/s791562978.py,0.5588541666666667,1423
/Volume1/AI4CODE/CodeNet/data/p02566/Python/s871488728.py,0.5899053627760252,2219
/Volume1/AI4CODE/CodeNet/data/p02566/Python/s507761241.py,0.6557632398753894,1926
/Volume1/AI4CODE/CodeNet/data/p02566/Python/s555319235.py,0.46562499999999996,1163
/Volume1/AI4CODE/CodeNet/data/p02566/Python/s385017652.py,0.4359375,1108
/Volume1/AI4CODE/CodeNet/data/p02566/Python/s732689903.py,0.5067708333333334,1486
/Volume1/AI4CODE/CodeNet/data/p02566/Python/s516172007.py,0.5067708333333334,1486

/Volume1/AI4CODE/CodeNet/data/p02566/Python/s331488163.py,1946
/Volume1/AI4CODE/CodeNet/data/p02566/Python/s278638295.py,0.4573484069886947,1343
/Volume1/AI4CODE/CodeNet/data/p02566/Python/s109123735.py,0.45529290853031856,1333
/Volume1/AI4CODE/CodeNet/data/p02566/Python/s304350772.py,0.45529290853031856,1333
/Volume1/AI4CODE/CodeNet/data/p02566/Python/s957359186.py,0.24820143884892087,526
/Volume1/AI4CODE/CodeNet/data/p02566/Python/s294674130.py,0.07451181911613569,153
/Volume1/AI4CODE/CodeNet/data/p02566/Python/s844025653.py,0.07451181911613569,153
/Volume1/AI4CODE/CodeNet/data/p02566/Python/s393061815.py,0.9455292908530318,1850
/Volume1/AI4CODE/CodeNet/data/p02566/Python/s179611483.py,0.9455292908530318,1850
/Volume1/AI4CODE/CodeNet/data/p02566/Python/s446857323.py,0.9470709146968139,1857
/Volume1/AI4CODE/CodeNet/data/p02566/Python/s513642736.py,0.015930113052415207,33
/Volume1/AI4CODE/CodeNet/data/p02566/Python/s551151879.py,0.021582733812949617,44
/Volume1/AI4CODE/CodeNet/data/p02566/Python/s662857607.py,0.1216812657024513,14727
/Volume1/AI4CODE/CodeNet/data/p02566/Python/s222762834.py,0.0436793422404933,91
/Volume1/AI4CODE/CodeNet/data/p02566/Python/s767909998.py,0.552415210688592,1429
/Volume1/AI4CODE/CodeNet/data/p02566/Python/s791562978.py,0.5534429599177801,1423
/Volume1/AI4CODE/CodeNet/data/p02566/Python/s871488728.py,0.5921586300135195,2219
/Volume1/AI4CODE/CodeNet/data/p02566/Python/s507761241.py,0.6562178828365879,1926
/Volume1/AI4CODE/CodeNet/data/p02566/Python/s555319235.py,0.46402877697841727,1163
/Volume1/AI4CODE/CodeNet/data/p02566/Python/s385017652.py,0.43216855087358685,1108
/Volume1/AI4CODE/CodeNet/data/p02566/Python/s732689903.py,0.5035971223021583,1486
/Volume1/AI4CODE/CodeNet/data/p02566/Python/s516172007.py,0.5035971223021583,1486

/Volume1/AI4CODE/CodeNet/data/p02566/Python/s278638295.py,1343
/Volume1/AI4CODE/CodeNet/data/p02566/Python/s109123735.py,0.9836187639612807,1333
/Volume1/AI4CODE/CodeNet/data/p02566/Python/s304350772.py,0.9836187639612807,1333
/Volume1/AI4CODE/CodeNet/data/p02566/Python/s957359186.py,0.3298585256887565,526
/Volume1/AI4CODE/CodeNet/data/p02566/Python/s294674130.py,0.10349962769918097,153
/Volume1/AI4CODE/CodeNet/data/p02566/Python/s844025653.py,0.10349962769918097,153
/Volume1/AI4CODE/CodeNet/data/p02566/Python/s393061815.py,0.4724324324324324,1850
/Volume1/AI4CODE/CodeNet/data/p02566/Python/s179611483.py,0.4724324324324324,1850
/Volume1/AI4CODE/CodeNet/data/p02566/Python/s446857323.py,0.4695745826602046,1857
/Volume1/AI4CODE/CodeNet/data/p02566/Python/s513642736.py,0.021593447505584562,33
/Volume1/AI4CODE/CodeNet/data/p02566/Python/s551151879.py,0.03052866716306779,44
/Volume1/AI4CODE/CodeNet/data/p02566/Python/s662857607.py,0.08433489509064984,14727
/Volume1/AI4CODE/CodeNet/data/p02566/Python/s222762834.py,0.06105733432613547,91
/Volume1/AI4CODE/CodeNet/data/p02566/Python/s767909998.py,0.48075577326801955,1429
/Volume1/AI4CODE/CodeNet/data/p02566/Python/s791562978.py,0.4806746310611384,1423
/Volume1/AI4CODE/CodeNet/data/p02566/Python/s871488728.py,0.4069400630914827,2219
/Volume1/AI4CODE/CodeNet/data/p02566/Python/s507761241.py,0.45950155763239875,1926
/Volume1/AI4CODE/CodeNet/data/p02566/Python/s555319235.py,0.526433358153388,1163
/Volume1/AI4CODE/CodeNet/data/p02566/Python/s385017652.py,0.5078183172002979,1108
/Volume1/AI4CODE/CodeNet/data/p02566/Python/s732689903.py,0.4724091520861373,1486
/Volume1/AI4CODE/CodeNet/data/p02566/Python/s516172007.py,0.4724091520861373,1486

/Volume1/AI4CODE/CodeNet/data/p02566/Python/s109123735.py,1333
/Volume1/AI4CODE/CodeNet/data/p02566/Python/s304350772.py,1.0,1333
/Volume1/AI4CODE/CodeNet/data/p02566/Python/s957359186.py,0.3330832708177044,526
/Volume1/AI4CODE/CodeNet/data/p02566/Python/s294674130.py,0.10427606901725428,153
/Volume1/AI4CODE/CodeNet/data/p02566/Python/s844025653.py,0.10427606901725428,153
/Volume1/AI4CODE/CodeNet/data/p02566/Python/s393061815.py,0.4708108108108108,1850
/Volume1/AI4CODE/CodeNet/data/p02566/Python/s179611483.py,0.4708108108108108,1850
/Volume1/AI4CODE/CodeNet/data/p02566/Python/s446857323.py,0.46849757673667203,1857
/Volume1/AI4CODE/CodeNet/data/p02566/Python/s513642736.py,0.021005251312828155,33
/Volume1/AI4CODE/CodeNet/data/p02566/Python/s551151879.py,0.030007501875468856,44
/Volume1/AI4CODE/CodeNet/data/p02566/Python/s662857607.py,0.0836558701704353,14727
/Volume1/AI4CODE/CodeNet/data/p02566/Python/s222762834.py,0.061515378844711144,91
/Volume1/AI4CODE/CodeNet/data/p02566/Python/s767909998.py,0.48075577326801955,1429
/Volume1/AI4CODE/CodeNet/data/p02566/Python/s791562978.py,0.4806746310611384,1423
/Volume1/AI4CODE/CodeNet/data/p02566/Python/s871488728.py,0.40468679585398826,2219
/Volume1/AI4CODE/CodeNet/data/p02566/Python/s507761241.py,0.4584631360332295,1926
/Volume1/AI4CODE/CodeNet/data/p02566/Python/s555319235.py,0.5258814703675919,1163
/Volume1/AI4CODE/CodeNet/data/p02566/Python/s385017652.py,0.5063765941485372,1108
/Volume1/AI4CODE/CodeNet/data/p02566/Python/s732689903.py,0.4730820995962315,1486
/Volume1/AI4CODE/CodeNet/data/p02566/Python/s516172007.py,0.4730820995962315,1486

/Volume1/AI4CODE/CodeNet/data/p02566/Python/s304350772.py,1333
/Volume1/AI4CODE/CodeNet/data/p02566/Python/s957359186.py,0.3330832708177044,526
/Volume1/AI4CODE/CodeNet/data/p02566/Python/s294674130.py,0.10427606901725428,153
/Volume1/AI4CODE/CodeNet/data/p02566/Python/s844025653.py,0.10427606901725428,153
/Volume1/AI4CODE/CodeNet/data/p02566/Python/s393061815.py,0.4708108108108108,1850
/Volume1/AI4CODE/CodeNet/data/p02566/Python/s179611483.py,0.4708108108108108,1850
/Volume1/AI4CODE/CodeNet/data/p02566/Python/s446857323.py,0.46849757673667203,1857
/Volume1/AI4CODE/CodeNet/data/p02566/Python/s513642736.py,0.021005251312828155,33
/Volume1/AI4CODE/CodeNet/data/p02566/Python/s551151879.py,0.030007501875468856,44
/Volume1/AI4CODE/CodeNet/data/p02566/Python/s662857607.py,0.0836558701704353,14727
/Volume1/AI4CODE/CodeNet/data/p02566/Python/s222762834.py,0.061515378844711144,91
/Volume1/AI4CODE/CodeNet/data/p02566/Python/s767909998.py,0.48075577326801955,1429
/Volume1/AI4CODE/CodeNet/data/p02566/Python/s791562978.py,0.4806746310611384,1423
/Volume1/AI4CODE/CodeNet/data/p02566/Python/s871488728.py,0.40468679585398826,2219
/Volume1/AI4CODE/CodeNet/data/p02566/Python/s507761241.py,0.4584631360332295,1926
/Volume1/AI4CODE/CodeNet/data/p02566/Python/s555319235.py,0.5258814703675919,1163
/Volume1/AI4CODE/CodeNet/data/p02566/Python/s385017652.py,0.5063765941485372,1108
/Volume1/AI4CODE/CodeNet/data/p02566/Python/s732689903.py,0.4730820995962315,1486
/Volume1/AI4CODE/CodeNet/data/p02566/Python/s516172007.py,0.4730820995962315,1486

/Volume1/AI4CODE/CodeNet/data/p02566/Python/s957359186.py,526
/Volume1/AI4CODE/CodeNet/data/p02566/Python/s294674130.py,0.22813688212927752,153
/Volume1/AI4CODE/CodeNet/data/p02566/Python/s844025653.py,0.22813688212927752,153
/Volume1/AI4CODE/CodeNet/data/p02566/Python/s393061815.py,0.26216216216216215,1850
/Volume1/AI4CODE/CodeNet/data/p02566/Python/s179611483.py,0.26216216216216215,1850
/Volume1/AI4CODE/CodeNet/data/p02566/Python/s446857323.py,0.26063543349488427,1857
/Volume1/AI4CODE/CodeNet/data/p02566/Python/s513642736.py,0.05323193916349811,33
/Volume1/AI4CODE/CodeNet/data/p02566/Python/s551151879.py,0.07414448669201523,44
/Volume1/AI4CODE/CodeNet/data/p02566/Python/s662857607.py,0.03524139335913623,14727
/Volume1/AI4CODE/CodeNet/data/p02566/Python/s222762834.py,0.15019011406844107,91
/Volume1/AI4CODE/CodeNet/data/p02566/Python/s767909998.py,0.3156053184044787,1429
/Volume1/AI4CODE/CodeNet/data/p02566/Python/s791562978.py,0.31623330990864373,1423
/Volume1/AI4CODE/CodeNet/data/p02566/Python/s871488728.py,0.2217214961694457,2219
/Volume1/AI4CODE/CodeNet/data/p02566/Python/s507761241.py,0.2544132917964693,1926
/Volume1/AI4CODE/CodeNet/data/p02566/Python/s555319235.py,0.37231298366294063,1163
/Volume1/AI4CODE/CodeNet/data/p02566/Python/s385017652.py,0.4088447653429603,1108
/Volume1/AI4CODE/CodeNet/data/p02566/Python/s732689903.py,0.2826379542395693,1486
/Volume1/AI4CODE/CodeNet/data/p02566/Python/s516172007.py,0.2826379542395693,1486

/Volume1/AI4CODE/CodeNet/data/p02566/Python/s294674130.py,153
/Volume1/AI4CODE/CodeNet/data/p02566/Python/s844025653.py,1.0,153
/Volume1/AI4CODE/CodeNet/data/p02566/Python/s393061815.py,0.07729729729729728,1850
/Volume1/AI4CODE/CodeNet/data/p02566/Python/s179611483.py,0.07729729729729728,1850
/Volume1/AI4CODE/CodeNet/data/p02566/Python/s446857323.py,0.0770059235325794,1857
/Volume1/AI4CODE/CodeNet/data/p02566/Python/s513642736.py,0.20915032679738566,33
/Volume1/AI4CODE/CodeNet/data/p02566/Python/s551151879.py,0.2875816993464052,44
/Volume1/AI4CODE/CodeNet/data/p02566/Python/s662857607.py,0.010389081279282952,14727
/Volume1/AI4CODE/CodeNet/data/p02566/Python/s222762834.py,0.5032679738562091,91
/Volume1/AI4CODE/CodeNet/data/p02566/Python/s767909998.py,0.1014695591322603,1429
/Volume1/AI4CODE/CodeNet/data/p02566/Python/s791562978.py,0.10260014054813771,1423
/Volume1/AI4CODE/CodeNet/data/p02566/Python/s871488728.py,0.06669671022983326,2219
/Volume1/AI4CODE/CodeNet/data/p02566/Python/s507761241.py,0.07476635514018692,1926
/Volume1/AI4CODE/CodeNet/data/p02566/Python/s555319235.py,0.11693895098882201,1163
/Volume1/AI4CODE/CodeNet/data/p02566/Python/s385017652.py,0.12725631768953072,1108
/Volume1/AI4CODE/CodeNet/data/p02566/Python/s732689903.py,0.09690444145356658,1486
/Volume1/AI4CODE/CodeNet/data/p02566/Python/s516172007.py,0.09690444145356658,1486

/Volume1/AI4CODE/CodeNet/data/p02566/Python/s844025653.py,153
/Volume1/AI4CODE/CodeNet/data/p02566/Python/s393061815.py,0.07729729729729728,1850
/Volume1/AI4CODE/CodeNet/data/p02566/Python/s179611483.py,0.07729729729729728,1850
/Volume1/AI4CODE/CodeNet/data/p02566/Python/s446857323.py,0.0770059235325794,1857
/Volume1/AI4CODE/CodeNet/data/p02566/Python/s513642736.py,0.20915032679738566,33
/Volume1/AI4CODE/CodeNet/data/p02566/Python/s551151879.py,0.2875816993464052,44
/Volume1/AI4CODE/CodeNet/data/p02566/Python/s662857607.py,0.010389081279282952,14727
/Volume1/AI4CODE/CodeNet/data/p02566/Python/s222762834.py,0.5032679738562091,91
/Volume1/AI4CODE/CodeNet/data/p02566/Python/s767909998.py,0.1014695591322603,1429
/Volume1/AI4CODE/CodeNet/data/p02566/Python/s791562978.py,0.10260014054813771,1423
/Volume1/AI4CODE/CodeNet/data/p02566/Python/s871488728.py,0.06669671022983326,2219
/Volume1/AI4CODE/CodeNet/data/p02566/Python/s507761241.py,0.07476635514018692,1926
/Volume1/AI4CODE/CodeNet/data/p02566/Python/s555319235.py,0.11693895098882201,1163
/Volume1/AI4CODE/CodeNet/data/p02566/Python/s385017652.py,0.12725631768953072,1108
/Volume1/AI4CODE/CodeNet/data/p02566/Python/s732689903.py,0.09690444145356658,1486
/Volume1/AI4CODE/CodeNet/data/p02566/Python/s516172007.py,0.09690444145356658,1486

/Volume1/AI4CODE/CodeNet/data/p02566/Python/s393061815.py,1850
/Volume1/AI4CODE/CodeNet/data/p02566/Python/s179611483.py,1.0,1850
/Volume1/AI4CODE/CodeNet/data/p02566/Python/s446857323.py,0.9946149703823371,1857
/Volume1/AI4CODE/CodeNet/data/p02566/Python/s513642736.py,0.016756756756756808,33
/Volume1/AI4CODE/CodeNet/data/p02566/Python/s551151879.py,0.022702702702702693,44
/Volume1/AI4CODE/CodeNet/data/p02566/Python/s662857607.py,0.1163169688327561,14727
/Volume1/AI4CODE/CodeNet/data/p02566/Python/s222762834.py,0.046486486486486456,91
/Volume1/AI4CODE/CodeNet/data/p02566/Python/s767909998.py,0.5594594594594595,1429
/Volume1/AI4CODE/CodeNet/data/p02566/Python/s791562978.py,0.5610810810810811,1423
/Volume1/AI4CODE/CodeNet/data/p02566/Python/s871488728.py,0.5930599369085173,2219
/Volume1/AI4CODE/CodeNet/data/p02566/Python/s507761241.py,0.6843198338525441,1926
/Volume1/AI4CODE/CodeNet/data/p02566/Python/s555319235.py,0.48378378378378384,1163
/Volume1/AI4CODE/CodeNet/data/p02566/Python/s385017652.py,0.4524324324324325,1108
/Volume1/AI4CODE/CodeNet/data/p02566/Python/s732689903.py,0.507027027027027,1486
/Volume1/AI4CODE/CodeNet/data/p02566/Python/s516172007.py,0.507027027027027,1486

/Volume1/AI4CODE/CodeNet/data/p02566/Python/s179611483.py,1850
/Volume1/AI4CODE/CodeNet/data/p02566/Python/s446857323.py,0.9946149703823371,1857
/Volume1/AI4CODE/CodeNet/data/p02566/Python/s513642736.py,0.016756756756756808,33
/Volume1/AI4CODE/CodeNet/data/p02566/Python/s551151879.py,0.022702702702702693,44
/Volume1/AI4CODE/CodeNet/data/p02566/Python/s662857607.py,0.1163169688327561,14727
/Volume1/AI4CODE/CodeNet/data/p02566/Python/s222762834.py,0.046486486486486456,91
/Volume1/AI4CODE/CodeNet/data/p02566/Python/s767909998.py,0.5594594594594595,1429
/Volume1/AI4CODE/CodeNet/data/p02566/Python/s791562978.py,0.5610810810810811,1423
/Volume1/AI4CODE/CodeNet/data/p02566/Python/s871488728.py,0.5930599369085173,2219
/Volume1/AI4CODE/CodeNet/data/p02566/Python/s507761241.py,0.6843198338525441,1926
/Volume1/AI4CODE/CodeNet/data/p02566/Python/s555319235.py,0.48378378378378384,1163
/Volume1/AI4CODE/CodeNet/data/p02566/Python/s385017652.py,0.4524324324324325,1108
/Volume1/AI4CODE/CodeNet/data/p02566/Python/s732689903.py,0.507027027027027,1486
/Volume1/AI4CODE/CodeNet/data/p02566/Python/s516172007.py,0.507027027027027,1486

/Volume1/AI4CODE/CodeNet/data/p02566/Python/s446857323.py,1857
/Volume1/AI4CODE/CodeNet/data/p02566/Python/s513642736.py,0.016693591814754938,33
/Volume1/AI4CODE/CodeNet/data/p02566/Python/s551151879.py,0.022617124394184174,44
/Volume1/AI4CODE/CodeNet/data/p02566/Python/s662857607.py,0.11672438378488492,14727
/Volume1/AI4CODE/CodeNet/data/p02566/Python/s222762834.py,0.04523424878836835,91
/Volume1/AI4CODE/CodeNet/data/p02566/Python/s767909998.py,0.5600430802369414,1429
/Volume1/AI4CODE/CodeNet/data/p02566/Python/s791562978.py,0.5616585891222401,1423
/Volume1/AI4CODE/CodeNet/data/p02566/Python/s871488728.py,0.597566471383506,2219
/Volume1/AI4CODE/CodeNet/data/p02566/Python/s507761241.py,0.6895119418483904,1926
/Volume1/AI4CODE/CodeNet/data/p02566/Python/s555319235.py,0.48142164781906305,1163
/Volume1/AI4CODE/CodeNet/data/p02566/Python/s385017652.py,0.4496499730748519,1108
/Volume1/AI4CODE/CodeNet/data/p02566/Python/s732689903.py,0.505654281098546,1486
/Volume1/AI4CODE/CodeNet/data/p02566/Python/s516172007.py,0.505654281098546,1486

/Volume1/AI4CODE/CodeNet/data/p02566/Python/s513642736.py,33
/Volume1/AI4CODE/CodeNet/data/p02566/Python/s551151879.py,0.6136363636363636,44
/Volume1/AI4CODE/CodeNet/data/p02566/Python/s662857607.py,0.0022407822367080943,14727
/Volume1/AI4CODE/CodeNet/data/p02566/Python/s222762834.py,0.3296703296703297,91
/Volume1/AI4CODE/CodeNet/data/p02566/Python/s767909998.py,0.022393282015395366,1429
/Volume1/AI4CODE/CodeNet/data/p02566/Python/s791562978.py,0.022487702037948032,1423
/Volume1/AI4CODE/CodeNet/data/p02566/Python/s871488728.py,0.014420910319963953,2219
/Volume1/AI4CODE/CodeNet/data/p02566/Python/s507761241.py,0.016095534787123555,1926
/Volume1/AI4CODE/CodeNet/data/p02566/Python/s555319235.py,0.02579535683576961,1163
/Volume1/AI4CODE/CodeNet/data/p02566/Python/s385017652.py,0.02527075812274371,1108
/Volume1/AI4CODE/CodeNet/data/p02566/Python/s732689903.py,0.022207267833109,1486
/Volume1/AI4CODE/CodeNet/data/p02566/Python/s516172007.py,0.022207267833109,1486

/Volume1/AI4CODE/CodeNet/data/p02566/Python/s551151879.py,44
/Volume1/AI4CODE/CodeNet/data/p02566/Python/s662857607.py,0.0029877096489441257,14727
/Volume1/AI4CODE/CodeNet/data/p02566/Python/s222762834.py,0.37362637362637363,91
/Volume1/AI4CODE/CodeNet/data/p02566/Python/s767909998.py,0.030090972708187502,1429
/Volume1/AI4CODE/CodeNet/data/p02566/Python/s791562978.py,0.03021784961349261,1423
/Volume1/AI4CODE/CodeNet/data/p02566/Python/s871488728.py,0.018927444794952675,2219
/Volume1/AI4CODE/CodeNet/data/p02566/Python/s507761241.py,0.02180685358255452,1926
/Volume1/AI4CODE/CodeNet/data/p02566/Python/s555319235.py,0.03525365434221839,1163
/Volume1/AI4CODE/CodeNet/data/p02566/Python/s385017652.py,0.035198555956678645,1108
/Volume1/AI4CODE/CodeNet/data/p02566/Python/s732689903.py,0.02893674293405113,1486
/Volume1/AI4CODE/CodeNet/data/p02566/Python/s516172007.py,0.02893674293405113,1486

/Volume1/AI4CODE/CodeNet/data/p02566/Python/s662857607.py,14727
/Volume1/AI4CODE/CodeNet/data/p02566/Python/s222762834.py,0.006043321789909739,91
/Volume1/AI4CODE/CodeNet/data/p02566/Python/s767909998.py,0.09126094927683848,1429
/Volume1/AI4CODE/CodeNet/data/p02566/Python/s791562978.py,0.09105724180077412,1423
/Volume1/AI4CODE/CodeNet/data/p02566/Python/s871488728.py,0.1495212874312487,2219
/Volume1/AI4CODE/CodeNet/data/p02566/Python/s507761241.py,0.1207985333061723,1926
/Volume1/AI4CODE/CodeNet/data/p02566/Python/s555319235.py,0.07550757112786044,1163
/Volume1/AI4CODE/CodeNet/data/p02566/Python/s385017652.py,0.07190873905072315,1108
/Volume1/AI4CODE/CodeNet/data/p02566/Python/s732689903.py,0.09519929381408299,1486
/Volume1/AI4CODE/CodeNet/data/p02566/Python/s516172007.py,0.09519929381408299,1486

/Volume1/AI4CODE/CodeNet/data/p02566/Python/s222762834.py,91
/Volume1/AI4CODE/CodeNet/data/p02566/Python/s767909998.py,0.05948215535339396,1429
/Volume1/AI4CODE/CodeNet/data/p02566/Python/s791562978.py,0.05973295853829941,1423
/Volume1/AI4CODE/CodeNet/data/p02566/Python/s871488728.py,0.03875619648490314,2219
/Volume1/AI4CODE/CodeNet/data/p02566/Python/s507761241.py,0.04361370716510904,1926
/Volume1/AI4CODE/CodeNet/data/p02566/Python/s555319235.py,0.07222699914015474,1163
/Volume1/AI4CODE/CodeNet/data/p02566/Python/s385017652.py,0.07490974729241873,1108
/Volume1/AI4CODE/CodeNet/data/p02566/Python/s732689903.py,0.05787348586810226,1486
/Volume1/AI4CODE/CodeNet/data/p02566/Python/s516172007.py,0.05787348586810226,1486

/Volume1/AI4CODE/CodeNet/data/p02566/Python/s767909998.py,1429
/Volume1/AI4CODE/CodeNet/data/p02566/Python/s791562978.py,0.9860041987403779,1423
/Volume1/AI4CODE/CodeNet/data/p02566/Python/s871488728.py,0.5002253267237494,2219
/Volume1/AI4CODE/CodeNet/data/p02566/Python/s507761241.py,0.5410176531671859,1926
/Volume1/AI4CODE/CodeNet/data/p02566/Python/s555319235.py,0.5150454863540938,1163
/Volume1/AI4CODE/CodeNet/data/p02566/Python/s385017652.py,0.5017494751574527,1108
/Volume1/AI4CODE/CodeNet/data/p02566/Python/s732689903.py,0.5134589502018843,1486
/Volume1/AI4CODE/CodeNet/data/p02566/Python/s516172007.py,0.5134589502018843,1486

/Volume1/AI4CODE/CodeNet/data/p02566/Python/s791562978.py,1423
/Volume1/AI4CODE/CodeNet/data/p02566/Python/s871488728.py,0.4997746732762506,2219
/Volume1/AI4CODE/CodeNet/data/p02566/Python/s507761241.py,0.5420560747663552,1926
/Volume1/AI4CODE/CodeNet/data/p02566/Python/s555319235.py,0.5186226282501757,1163
/Volume1/AI4CODE/CodeNet/data/p02566/Python/s385017652.py,0.5052705551651441,1108
/Volume1/AI4CODE/CodeNet/data/p02566/Python/s732689903.py,0.5121130551816958,1486
/Volume1/AI4CODE/CodeNet/data/p02566/Python/s516172007.py,0.5121130551816958,1486

/Volume1/AI4CODE/CodeNet/data/p02566/Python/s871488728.py,2219
/Volume1/AI4CODE/CodeNet/data/p02566/Python/s507761241.py,0.7350157728706624,1926
/Volume1/AI4CODE/CodeNet/data/p02566/Python/s555319235.py,0.4060387561964849,1163
/Volume1/AI4CODE/CodeNet/data/p02566/Python/s385017652.py,0.3862100045065344,1108
/Volume1/AI4CODE/CodeNet/data/p02566/Python/s732689903.py,0.4650743578188373,1486
/Volume1/AI4CODE/CodeNet/data/p02566/Python/s516172007.py,0.4650743578188373,1486

/Volume1/AI4CODE/CodeNet/data/p02566/Python/s507761241.py,1926
/Volume1/AI4CODE/CodeNet/data/p02566/Python/s555319235.py,0.4548286604361371,1163
/Volume1/AI4CODE/CodeNet/data/p02566/Python/s385017652.py,0.43561786085150567,1108
/Volume1/AI4CODE/CodeNet/data/p02566/Python/s732689903.py,0.49792315680166144,1486
/Volume1/AI4CODE/CodeNet/data/p02566/Python/s516172007.py,0.49792315680166144,1486

/Volume1/AI4CODE/CodeNet/data/p02566/Python/s555319235.py,1163
/Volume1/AI4CODE/CodeNet/data/p02566/Python/s385017652.py,0.5073086844368013,1108
/Volume1/AI4CODE/CodeNet/data/p02566/Python/s732689903.py,0.49327052489905787,1486
/Volume1/AI4CODE/CodeNet/data/p02566/Python/s516172007.py,0.49327052489905787,1486

/Volume1/AI4CODE/CodeNet/data/p02566/Python/s385017652.py,1108
/Volume1/AI4CODE/CodeNet/data/p02566/Python/s732689903.py,0.4825033647375505,1486
/Volume1/AI4CODE/CodeNet/data/p02566/Python/s516172007.py,0.4825033647375505,1486

/Volume1/AI4CODE/CodeNet/data/p02566/Python/s732689903.py,1486
/Volume1/AI4CODE/CodeNet/data/p02566/Python/s516172007.py,1.0,1486

